[
    { "code": 1, "name": "Afghanistan", "iso2": "AF" },
    { "code": 2, "name": "Aksai Chin", "iso2": null },
    { "code": 3, "name": "Albania", "iso2": "AL" },
    { "code": 4, "name": "Algeria", "iso2": "DZ" },
    { "code": 5, "name": "American Samoa", "iso2": "AS" },
    { "code": 7, "name": "Andorra", "iso2": "AD" },
    { "code": 8, "name": "Angola", "iso2": "AO" },
    { "code": 9, "name": "Anguilla", "iso2": "AI" },
    { "code": 10, "name": "Antarctica", "iso2": "AQ" },
    { "code": 11, "name": "Antigua and Barbuda", "iso2": "AG" },
    { "code": 12, "name": "Argentina", "iso2": "AR" },
    { "code": 13, "name": "Armenia", "iso2": "AM" },
    { "code": 14, "name": "Aruba", "iso2": "AW" },
    { "code": 15, "name": "Arunachal Pradesh", "iso2": null },
    { "code": 16, "name": "Ashmore and Cartier Islands", "iso2": null },
    { "code": 17, "name": "Australia", "iso2": "AU" },
    { "code": 18, "name": "Austria", "iso2": "AT" },
    { "code": 19, "name": "Azerbaijan", "iso2": "AZ" },
    { "code": 74578, "name": "Azores Islands", "iso2": null },
    { "code": 20, "name": "Bahamas", "iso2": "BS" },
    { "code": 21, "name": "Bahrain", "iso2": "BH" },
    { "code": 22, "name": "Baker Island", "iso2": null },
    { "code": 23, "name": "Bangladesh", "iso2": "BD" },
    { "code": 24, "name": "Barbados", "iso2": "BB" },
    { "code": 25, "name": "Bassas da India", "iso2": null },
    { "code": 26, "name": "Belarus", "iso2": "BY" },
    { "code": 27, "name": "Belgium", "iso2": "BE" },
    { "code": 28, "name": "Belize", "iso2": "BZ" },
    { "code": 29, "name": "Benin", "iso2": "BJ" },
    { "code": 30, "name": "Bermuda", "iso2": "BM" },
    { "code": 31, "name": "Bhutan", "iso2": "BT" },
    { "code": 32, "name": "Bird Island", "iso2": null },
    { "code": 33, "name": "Bolivia", "iso2": "BO" },
    { "code": 34, "name": "Bosnia and Herzegovina", "iso2": "BA" },
    { "code": 35, "name": "Botswana", "iso2": "BW" },
    { "code": 36, "name": "Bouvet Island", "iso2": "BV" },
    { "code": 37, "name": "Brazil", "iso2": "BR" },
    { "code": 38, "name": "British Indian Ocean Territory", "iso2": "IO" },
    { "code": 39, "name": "British Virgin Islands", "iso2": "VG" },
    { "code": 40, "name": "Brunei Darussalam", "iso2": "BN" },
    { "code": 41, "name": "Bulgaria", "iso2": "BG" },
    { "code": 42, "name": "Burkina Faso", "iso2": "BF" },
    { "code": 43, "name": "Burundi", "iso2": "BI" },
    { "code": 66, "name": "C⌠te d'Ivoire", "iso2": "CI" },
    { "code": 44, "name": "Cambodia", "iso2": "KH" },
    { "code": 45, "name": "Cameroon", "iso2": "CM" },
    { "code": 46, "name": "Canada", "iso2": "CA" },
    { "code": 47, "name": "Cape Verde", "iso2": "CV" },
    { "code": 48, "name": "Cayman Islands", "iso2": "KY" },
    { "code": 49, "name": "Central African Republic", "iso2": "CF" },
    { "code": 50, "name": "Chad", "iso2": "TD" },
    { "code": 51, "name": "Chile", "iso2": "CL" },
    { "code": 147295, "name": "China", "iso2": "CN" },
    { "code": 52, "name": "China/India", "iso2": null },
    { "code": 54, "name": "Christmas Island", "iso2": "CX" },
    { "code": 55, "name": "Clipperton Island", "iso2": null },
    { "code": 56, "name": "Cocos (Keeling) Islands", "iso2": "CC" },
    { "code": 57, "name": "Colombia", "iso2": "CO" },
    { "code": 58, "name": "Comoros", "iso2": "KM" },
    { "code": 59, "name": "Congo", "iso2": "CG" },
    { "code": 60, "name": "Cook Islands", "iso2": "CK" },
    { "code": 61, "name": "Costa Rica", "iso2": "CR" },
    { "code": 62, "name": "Croatia", "iso2": "HR" },
    { "code": 63, "name": "Cuba", "iso2": "CU" },
    { "code": 64, "name": "Cyprus", "iso2": "CY" },
    { "code": 65, "name": "Czech Republic", "iso2": "CZ" },
    { "code": 67, "name": "Dem People's Rep of Korea", "iso2": "KP" },
    { "code": 68, "name": "Democratic Republic of the Congo", "iso2": "CD" },
    { "code": 69, "name": "Denmark", "iso2": "DK" },
    { "code": 40763, "name": "Dhekelia and Akrotiri SBA", "iso2": null },
    { "code": 70, "name": "Djibouti", "iso2": "DJ" },
    { "code": 71, "name": "Dominica", "iso2": "DM" },
    { "code": 72, "name": "Dominican Republic", "iso2": "DO" },
    { "code": 73, "name": "Ecuador", "iso2": "EC" },
    { "code": 40765, "name": "Egypt", "iso2": "EG" },
    { "code": 75, "name": "El Salvador", "iso2": "SV" },
    { "code": 76, "name": "Equatorial Guinea", "iso2": "GQ" },
    { "code": 77, "name": "Eritrea", "iso2": "ER" },
    { "code": 78, "name": "Estonia", "iso2": "EE" },
    { "code": 79, "name": "Ethiopia", "iso2": "ET" },
    { "code": 80, "name": "Europa Island", "iso2": null },
    { "code": 81, "name": "Falkland Islands (Malvinas)", "iso2": "FK" },
    { "code": 82, "name": "Faroe Islands", "iso2": "FO" },
    { "code": 83, "name": "Fiji", "iso2": "FJ" },
    { "code": 84, "name": "Finland", "iso2": "FI" },
    { "code": 85, "name": "France", "iso2": "FR" },
    { "code": 86, "name": "French Guiana", "iso2": "GF" },
    { "code": 87, "name": "French Polynesia", "iso2": "PF" },
    { "code": 88, "name": "French Southern and Antarctic Terri", "iso2": "TF" },
    { "code": 89, "name": "Gabon", "iso2": "GA" },
    { "code": 90, "name": "Gambia", "iso2": "GM" },
    { "code": 91, "name": "Gaza Strip", "iso2": " " },
    { "code": 92, "name": "Georgia", "iso2": "GE" },
    { "code": 93, "name": "Germany", "iso2": "DE" },
    { "code": 94, "name": "Ghana", "iso2": "GH" },
    { "code": 95, "name": "Gibraltar", "iso2": "GI" },
    { "code": 96, "name": "Glorioso Island", "iso2": null },
    { "code": 97, "name": "Greece", "iso2": "GR" },
    { "code": 98, "name": "Greenland", "iso2": "GL" },
    { "code": 99, "name": "Grenada", "iso2": "GD" },
    { "code": 100, "name": "Guadeloupe", "iso2": "GP" },
    { "code": 101, "name": "Guam", "iso2": "GU" },
    { "code": 103, "name": "Guatemala", "iso2": "GT" },
    { "code": 104, "name": "Guernsey", "iso2": "GG" },
    { "code": 106, "name": "Guinea", "iso2": "GN" },
    { "code": 105, "name": "Guinea-Bissau", "iso2": "GW" },
    { "code": 107, "name": "Guyana", "iso2": "GY" },
    { "code": 108, "name": "Haiti", "iso2": "HT" },
    { "code": 40760, "name": "Hala'ib triangle", "iso2": null },
    { "code": 109, "name": "Heard Island and McDonald Islands", "iso2": "HM" },
    { "code": 110, "name": "Holy See", "iso2": "VA" },
    { "code": 111, "name": "Honduras", "iso2": "HN" },
    { "code": 33364, "name": "Hong Kong", "iso2": "HK" },
    { "code": 112, "name": "Howland Island", "iso2": null },
    { "code": 113, "name": "Hungary", "iso2": "HU" },
    { "code": 114, "name": "Iceland", "iso2": "IS" },
    { "code": 61013, "name": "Ilemi triangle", "iso2": null },
    { "code": 115, "name": "India", "iso2": "IN" },
    { "code": 116, "name": "Indonesia", "iso2": "ID" },
    { "code": 117, "name": "Iran  (Islamic Republic of)", "iso2": "IR" },
    { "code": 118, "name": "Iraq", "iso2": "IQ" },
    { "code": 119, "name": "Ireland", "iso2": "IE" },
    { "code": 120, "name": "Isle of Man", "iso2": "IM" },
    { "code": 121, "name": "Israel", "iso2": "IL" },
    { "code": 122, "name": "Italy", "iso2": "IT" },
    { "code": 123, "name": "Jamaica", "iso2": "JM" },
    { "code": 40781, "name": "Jammu Kashmir", "iso2": null },
    { "code": 126, "name": "Japan", "iso2": "JP" },
    { "code": 127, "name": "Jarvis Island", "iso2": null },
    { "code": 128, "name": "Jersey", "iso2": "JE" },
    { "code": 129, "name": "Johnston Atoll", "iso2": null },
    { "code": 130, "name": "Jordan", "iso2": "JO" },
    { "code": 131, "name": "Juan de Nova Island", "iso2": null },
    { "code": 132, "name": "Kazakhstan", "iso2": "KZ" },
    { "code": 133, "name": "Kenya", "iso2": "KE" },
    { "code": 134, "name": "Kingman Reef", "iso2": null },
    { "code": 135, "name": "Kiribati", "iso2": "KI" },
    { "code": 136, "name": "Kuril islands", "iso2": "KW" },
    { "code": 137, "name": "Kuwait", "iso2": "KG" },
    { "code": 138, "name": "Kyrgyzstan", "iso2": "KG" },
    { "code": 139, "name": "Lao People's Democratic Republic", "iso2": "LA" },
    { "code": 140, "name": "Latvia", "iso2": "LV" },
    { "code": 141, "name": "Lebanon", "iso2": "LB" },
    { "code": 142, "name": "Lesotho", "iso2": "LS" },
    { "code": 143, "name": "Liancourt Rock", "iso2": null },
    { "code": 144, "name": "Liberia", "iso2": "LR" },
    { "code": 145, "name": "Libyan Arab Jamahiriya", "iso2": "LY" },
    { "code": 146, "name": "Liechtenstein", "iso2": "LI" },
    { "code": 147, "name": "Lithuania", "iso2": "LT" },
    { "code": 148, "name": "Luxembourg", "iso2": "LU" },
    { "code": 149, "name": "Macau", "iso2": "MO" },
    { "code": 150, "name": "Madagascar", "iso2": "MG" },
    { "code": 151, "name": "Madeira Islands", "iso2": null },
    { "code": 152, "name": "Malawi", "iso2": "MW" },
    { "code": 153, "name": "Malaysia", "iso2": "MY" },
    { "code": 154, "name": "Maldives", "iso2": "MV" },
    { "code": 155, "name": "Mali", "iso2": "ML" },
    { "code": 156, "name": "Malta", "iso2": "MT" },
    { "code": 157, "name": "Marshall Islands", "iso2": "MH" },
    { "code": 158, "name": "Martinique", "iso2": "MQ" },
    { "code": 40762, "name": "Ma'tan al-Sarra", "iso2": null },
    { "code": 159, "name": "Mauritania", "iso2": "MR" },
    { "code": 160, "name": "Mauritius", "iso2": "MU" },
    { "code": 161, "name": "Mayotte", "iso2": "YT" },
    { "code": 162, "name": "Mexico", "iso2": "MX" },
    { "code": 163, "name": "Micronesia (Federated States of)", "iso2": "FM" },
    { "code": 164, "name": "Midway Island", "iso2": null },
    { "code": 166, "name": "Monaco", "iso2": "MC" },
    { "code": 167, "name": "Mongolia", "iso2": "MN" },
    { "code": 2647, "name": "Montenegro", "iso2": "ME" },
    { "code": 168, "name": "Montserrat", "iso2": "MS" },
    { "code": 169, "name": "Morocco", "iso2": "MA" },
    { "code": 170, "name": "Mozambique", "iso2": "MZ" },
    { "code": 171, "name": "Myanmar", "iso2": "MM" },
    { "code": 172, "name": "Namibia", "iso2": "NA" },
    { "code": 173, "name": "Nauru", "iso2": "NR" },
    { "code": 174, "name": "Navassa Island", "iso2": null },
    { "code": 175, "name": "Nepal", "iso2": "NP" },
    { "code": 177, "name": "Netherlands", "iso2": "NL" },
    { "code": 176, "name": "Netherlands Antilles", "iso2": "AN" },
    { "code": 178, "name": "New Caledonia", "iso2": "NC" },
    { "code": 179, "name": "New Zealand", "iso2": "NZ" },
    { "code": 180, "name": "Nicaragua", "iso2": "NI" },
    { "code": 181, "name": "Niger", "iso2": "NE" },
    { "code": 182, "name": "Nigeria", "iso2": "NG" },
    { "code": 183, "name": "Niue", "iso2": "NU" },
    { "code": 184, "name": "Norfolk Island", "iso2": "NF" },
    { "code": 185, "name": "Northern Mariana Islands", "iso2": "MP" },
    { "code": 186, "name": "Norway", "iso2": "NO" },
    { "code": 187, "name": "Oman", "iso2": "OM" },
    { "code": 188, "name": "Pakistan", "iso2": "PK" },
    { "code": 189, "name": "Palau", "iso2": "PW" },
    { "code": 190, "name": "Palmyra Atoll", "iso2": null },
    { "code": 191, "name": "Panama", "iso2": "PA" },
    { "code": 192, "name": "Papua New Guinea", "iso2": "PG" },
    { "code": 193, "name": "Paracel Islands", "iso2": null },
    { "code": 194, "name": "Paraguay", "iso2": "PY" },
    { "code": 195, "name": "Peru", "iso2": "PE" },
    { "code": 196, "name": "Philippines", "iso2": "PH" },
    { "code": 197, "name": "Pitcairn", "iso2": "PN" },
    { "code": 198, "name": "Poland", "iso2": "PL" },
    { "code": 199, "name": "Portugal", "iso2": "PT" },
    { "code": 200, "name": "Puerto Rico", "iso2": "PR" },
    { "code": 201, "name": "Qatar", "iso2": "QA" },
    { "code": 202, "name": "Republic of Korea", "iso2": "KR" },
    { "code": 165, "name": "Republic of Moldova", "iso2": "MD" },
    { "code": 203, "name": "Romania", "iso2": "RO" },
    { "code": 204, "name": "Russian Federation", "iso2": "RU" },
    { "code": 205, "name": "Rwanda", "iso2": "RW" },
    { "code": 206, "name": "Réunion", "iso2": "RE" },
    { "code": 207, "name": "Saint Helena", "iso2": "SH" },
    { "code": 208, "name": "Saint Kitts and Nevis", "iso2": "KN" },
    { "code": 209, "name": "Saint Lucia", "iso2": "LC" },
    { "code": 210, "name": "Saint Pierre et Miquelon", "iso2": "PM" },
    { "code": 211, "name": "Saint Vincent and the Grenadines", "iso2": "VC" },
    { "code": 212, "name": "Samoa", "iso2": "WS" },
    { "code": 213, "name": "San Marino", "iso2": "SM" },
    { "code": 214, "name": "Sao Tome and Principe", "iso2": "ST" },
    { "code": 215, "name": "Saudi Arabia", "iso2": "SA" },
    { "code": 216, "name": "Scarborough Reef", "iso2": null },
    { "code": 217, "name": "Senegal", "iso2": "SN" },
    { "code": 218, "name": "Senkaku Islands", "iso2": null },
    { "code": 2648, "name": "Serbia", "iso2": "RS" },
    { "code": 220, "name": "Seychelles", "iso2": "SC" },
    { "code": 221, "name": "Sierra Leone", "iso2": "SL" },
    { "code": 222, "name": "Singapore", "iso2": "SG" },
    { "code": 223, "name": "Slovakia", "iso2": "SK" },
    { "code": 224, "name": "Slovenia", "iso2": "SI" },
    { "code": 225, "name": "Solomon Islands", "iso2": "SB" },
    { "code": 226, "name": "Somalia", "iso2": "SO" },
    { "code": 227, "name": "South Africa", "iso2": "ZA" },
    { "code": 228, "name": "South Georgia and the South Sandwic", "iso2": "GS" },
    { "code": 74, "name": "South Sudan", "iso2": "SS" },
    { "code": 229, "name": "Spain", "iso2": "ES" },
    { "code": 230, "name": "Spratly Islands", "iso2": null },
    { "code": 231, "name": "Sri Lanka", "iso2": "LK" },
    { "code": 6, "name": "Sudan", "iso2": "SD" },
    { "code": 40764, "name": "Sudan", "iso2": "SD" },
    { "code": 233, "name": "Suriname", "iso2": "SR" },
    { "code": 234, "name": "Svalbard and Jan Mayen Islands", "iso2": "SJ" },
    { "code": 235, "name": "Swaziland", "iso2": "SZ" },
    { "code": 236, "name": "Sweden", "iso2": "SE" },
    { "code": 237, "name": "Switzerland", "iso2": "CH" },
    { "code": 238, "name": "Syrian Arab Republic", "iso2": "SY" },
    { "code": 239, "name": "Tajikistan", "iso2": "TJ" },
    { "code": 240, "name": "Thailand", "iso2": "TH" },
    { "code": 147296, "name": "Taiwan", "iso2": "CN-TW" },
    { "code": 241, "name": "The former Yugoslav Republic of Mac", "iso2": "MK" },
    { "code": 242, "name": "Timor-Leste", "iso2": "TL" },
    { "code": 243, "name": "Togo", "iso2": "TG" },
    { "code": 244, "name": "Tokelau", "iso2": "TK" },
    { "code": 245, "name": "Tonga", "iso2": "TO" },
    { "code": 246, "name": "Trinidad and Tobago", "iso2": "TT" },
    { "code": 247, "name": "Tromelin Island", "iso2": null },
    { "code": 248, "name": "Tunisia", "iso2": "TN" },
    { "code": 249, "name": "Turkey", "iso2": "TR" },
    { "code": 250, "name": "Turkmenistan", "iso2": "TM" },
    { "code": 251, "name": "Turks and Caicos islands", "iso2": "TC" },
    { "code": 252, "name": "Tuvalu", "iso2": "TV" },
    { "code": 256, "name": "U.K. of Great Britain and Northern", "iso2": "GB" },
    { "code": 253, "name": "Uganda", "iso2": "UG" },
    { "code": 254, "name": "Ukraine", "iso2": "UA" },
    { "code": 255, "name": "United Arab Emirates", "iso2": "AE" },
    { "code": 257, "name": "United Republic of Tanzania", "iso2": "TZ" },
    { "code": 259, "name": "United States of America", "iso2": "US" },
    { "code": 258, "name": "United States Virgin Islands", "iso2": "VI" },
    { "code": 260, "name": "Uruguay", "iso2": "UY" },
    { "code": 261, "name": "Uzbekistan", "iso2": "UZ" },
    { "code": 262, "name": "Vanuatu", "iso2": "VU" },
    { "code": 263, "name": "Venezuela", "iso2": "VE" },
    { "code": 264, "name": "Viet Nam", "iso2": "VN" },
    { "code": 265, "name": "Wake Island", "iso2": "WK" },
    { "code": 266, "name": "Wallis and Futuna", "iso2": "WF" },
    { "code": 267, "name": "West Bank", "iso2": " " },
    { "code": 268, "name": "Western Sahara", "iso2": "EH" },
    { "code": 269, "name": "Yemen", "iso2": "YE" },
    { "code": 270, "name": "Zambia", "iso2": "ZM" },
    { "code": 271, "name": "Zimbabwe", "iso2": "ZW" }
]
